words,weight
data,0.3604529324350792
new,0.30231536268748577
basics,0.27324657781368905
int,0.2499915499146517
button,0.2499915499146517
code,0.23836403596513303
applet,0.22673652201561434
class,0.20348149411657698
method,0.1685989522680209
object,0.16278519529326158
array,0.15115768134374288
objects,0.14534392436898355
string,0.13371641041946486
public,0.13371641041946486
example,0.1104613825204275
null,0.09302011159614947
return,0.08720635462139013
types,0.08720635462139013
language,0.08720635462139013
use,0.08720635462139013
memory,0.08720635462139013
void,0.08139259764663079
primitive,0.08139259764663079
comments,0.08139259764663079
system,0.07557884067187144
program,0.06976508369711211
browser,0.06976508369711211
may,0.06976508369711211
allocate,0.06395132672235276
garbage,0.06395132672235276
pointer,0.05813756974759342
following,0.05813756974759342
runtime,0.05813756974759342
would,0.05813756974759342
stack,0.05813756974759342
applets,0.05813756974759342
methods,0.05813756974759342
collection,0.05232381277283408
init,0.05232381277283408
value,0.05232381277283408
make,0.05232381277283408
byte,0.05232381277283408
reference,0.05232381277283408
operator,0.05232381277283408
boolean,0.05232381277283408
expr,0.05232381277283408
file,0.05232381277283408
applications,0.05232381277283408
called,0.05232381277283408
two,0.05232381277283408
type,0.04651005579807473
constant,0.04651005579807473
style,0.04651005579807473
programs,0.04651005579807473
stat,0.04651005579807473
variables,0.04651005579807473
element,0.04651005579807473
main,0.04651005579807473
pointers,0.040696298823315394
parameters,0.040696298823315394
ok,0.040696298823315394
bits,0.040696298823315394
one,0.040696298823315394
args,0.040696298823315394
arrays,0.040696298823315394
integer,0.034882541848556055
statements,0.034882541848556055
calloc,0.034882541848556055
literal,0.034882541848556055
width,0.034882541848556055
refer,0.034882541848556055
strings,0.034882541848556055
note,0.034882541848556055
heap,0.034882541848556055
semantics,0.034882541848556055
sizeof,0.034882541848556055
true,0.034882541848556055
equivalent,0.034882541848556055
predefined,0.02906878487379671
used,0.02906878487379671
passed,0.02906878487379671
source,0.02906878487379671
elements,0.02906878487379671
portable,0.02906878487379671
platform,0.02906878487379671
id,0.02906878487379671
import,0.02906878487379671
threads,0.02906878487379671
executed,0.02906878487379671
instance,0.02906878487379671
expressions,0.02906878487379671
length,0.02906878487379671
buttons,0.02906878487379671
similar,0.02906878487379671
using,0.02906878487379671
static,0.02906878487379671
compiler,0.023255027899037366
definition,0.023255027899037366
definitions,0.023255027899037366
foo,0.023255027899037366
machine,0.023255027899037366
therefore,0.023255027899037366
animations,0.023255027899037366
ints,0.023255027899037366
create,0.023255027899037366
start,0.023255027899037366
tag,0.023255027899037366
consider,0.023255027899037366
copy,0.023255027899037366
const,0.023255027899037366
stop,0.023255027899037366
println,0.023255027899037366
library,0.023255027899037366
test,0.023255027899037366
allocates,0.023255027899037366
makes,0.023255027899037366
defined,0.023255027899037366
write,0.023255027899037366
operators,0.023255027899037366
simple,0.023255027899037366
final,0.023255027899037366
getparameter,0.023255027899037366
false,0.023255027899037366
need,0.023255027899037366
graphics,0.023255027899037366
effect,0.023255027899037366
must,0.023255027899037366
version,0.023255027899037366
execution,0.023255027899037366
clone,0.023255027899037366
else,0.023255027899037366
comment,0.023255027899037366
however,0.023255027899037366
float,0.017441270924278027
arithmetic,0.017441270924278027
structure,0.017441270924278027
html,0.017441270924278027
bfoo,0.017441270924278027
first,0.017441270924278027
description,0.017441270924278027
destroy,0.017441270924278027
defines,0.017441270924278027
either,0.017441270924278027
easily,0.017441270924278027
application,0.017441270924278027
function,0.017441270924278027
appletviewer,0.017441270924278027
every,0.017441270924278027
drawn,0.017441270924278027
extends,0.017441270924278027
height,0.017441270924278027
equals,0.017441270924278027
gui,0.017441270924278027
exception,0.017441270924278027
statement,0.017441270924278027
dispose,0.017441270924278027
reside,0.017441270924278027
resources,0.017441270924278027
double,0.017441270924278027
include,0.017441270924278027
examples,0.017441270924278027
references,0.017441270924278027
define,0.017441270924278027
super,0.017441270924278027
default,0.017441270924278027
assigned,0.017441270924278027
look,0.017441270924278027
loop,0.017441270924278027
compilation,0.017441270924278027
messages,0.017441270924278027
window,0.017441270924278027
collector,0.017441270924278027
trivialapplication,0.017441270924278027
classes,0.017441270924278027
automatic,0.017441270924278027
line,0.017441270924278027
name,0.017441270924278027
automatically,0.017441270924278027
parameter,0.017441270924278027
param,0.017441270924278027
awt,0.017441270924278027
call,0.017441270924278027
paint,0.017441270924278027
typename,0.017441270924278027
output,0.017441270924278027
nothing,0.017441270924278027
obj,0.017441270924278027
within,0.017441270924278027
like,0.017441270924278027
point,0.017441270924278027
shows,0.017441270924278027
push,0.017441270924278027
programming,0.017441270924278027
creates,0.017441270924278027
contrast,0.017441270924278027
always,0.017441270924278027
item,0.017441270924278027
quit,0.017441270924278027
variable,0.017441270924278027
convert,0.017441270924278027
yet,0.011627513949518683
namelist,0.011627513949518683
leave,0.011627513949518683
secure,0.011627513949518683
left,0.011627513949518683
interpreted,0.011627513949518683
labels,0.011627513949518683
package,0.011627513949518683
instead,0.011627513949518683
addition,0.011627513949518683
set,0.011627513949518683
freed,0.011627513949518683
javabasics,0.011627513949518683
optional,0.011627513949518683
added,0.011627513949518683
settitle,0.011627513949518683
written,0.011627513949518683
accessing,0.011627513949518683
opening,0.011627513949518683
invoke,0.011627513949518683
handling,0.011627513949518683
lifecycle,0.011627513949518683
initialized,0.011627513949518683
prints,0.011627513949518683
independent,0.011627513949518683
web,0.011627513949518683
longer,0.011627513949518683
way,0.011627513949518683
appletname,0.011627513949518683
level,0.011627513949518683
illustrate,0.011627513949518683
robust,0.011627513949518683
ignored,0.011627513949518683
portability,0.011627513949518683
points,0.011627513949518683
instanceof,0.011627513949518683
ieee,0.011627513949518683
allocated,0.011627513949518683
invoked,0.011627513949518683
placed,0.011627513949518683
wide,0.011627513949518683
host,0.011627513949518683
instantiated,0.011627513949518683
hi,0.011627513949518683
instantiates,0.011627513949518683
addresses,0.011627513949518683
hardware,0.011627513949518683
second,0.011627513949518683
mml,0.011627513949518683
particular,0.011627513949518683
section,0.011627513949518683
part,0.011627513949518683
access,0.011627513949518683
switch,0.011627513949518683
specify,0.011627513949518683
calls,0.011627513949518683
causes,0.011627513949518683
dynamically,0.011627513949518683
char,0.011627513949518683
checking,0.011627513949518683
declarations,0.011627513949518683
trivialapplet,0.011627513949518683
declare,0.011627513949518683
standard,0.011627513949518683
done,0.011627513949518683
values,0.011627513949518683
available,0.011627513949518683
documentation,0.011627513949518683
suffix,0.011627513949518683
document,0.011627513949518683
continue,0.011627513949518683
variablename,0.011627513949518683
subclass,0.011627513949518683
delimited,0.011627513949518683
state,0.011627513949518683
components,0.011627513949518683
dereference,0.011627513949518683
assignment,0.011627513949518683
time,0.011627513949518683
arguments,0.011627513949518683
text,0.011627513949518683
vector,0.011627513949518683
case,0.011627513949518683
employee,0.011627513949518683
behavior,0.011627513949518683
task,0.011627513949518683
contains,0.011627513949518683
simply,0.011627513949518683
containing,0.011627513949518683
syntax,0.011627513949518683
unlike,0.011627513949518683
unit,0.011627513949518683
features,0.011627513949518683
bounds,0.011627513949518683
existing,0.011627513949518683
unicode,0.011627513949518683
break,0.011627513949518683
sockets,0.011627513949518683
contain,0.011627513949518683
suspend,0.011627513949518683
bad,0.011627513949518683
constants,0.011627513949518683
form,0.011627513949518683
space,0.011627513949518683
equal,0.011627513949518683
comparison,0.011627513949518683
constructor,0.011627513949518683
precedence,0.005813756974759342
whenever,0.005813756974759342
problems,0.005813756974759342
preceded,0.005813756974759342
well,0.005813756974759342
pretend,0.005813756974759342
think,0.005813756974759342
things,0.005813756974759342
port,0.005813756974759342
present,0.005813756974759342
pre,0.005813756974759342
priority,0.005813756974759342
terminates,0.005813756974759342
thread,0.005813756974759342
thereby,0.005813756974759342
terminated,0.005813756974759342
terence,0.005813756974759342
potential,0.005813756974759342
portions,0.005813756974759342
pc,0.005813756974759342
pointed,0.005813756974759342
page,0.005813756974759342
owner,0.005813756974759342
uses,0.005813756974759342
override,0.005813756974759342
outside,0.005813756974759342
undefined,0.005813756974759342
order,0.005813756974759342
optionally,0.005813756974759342
user,0.005813756974759342
unnecessarily,0.005813756974759342
useful,0.005813756974759342
upper,0.005813756974759342
operations,0.005813756974759342
operating,0.005813756974759342
onetwo,0.005813756974759342
valid,0.005813756974759342
three,0.005813756974759342
painting,0.005813756974759342
paramtest,0.005813756974759342
plus,0.005813756974759342
places,0.005813756974759342
together,0.005813756974759342
topics,0.005813756974759342
place,0.005813756974759342
phase,0.005813756974759342
performs,0.005813756974759342
tostring,0.005813756974759342
perform,0.005813756974759342
translated,0.005813756974759342
translates,0.005813756974759342
treated,0.005813756974759342
valueof,0.005813756974759342
trivial,0.005813756974759342
parseint,0.005813756974759342
try,0.005813756974759342
ten,0.005813756974759342
short,0.005813756974759342
processed,0.005813756974759342
scoped,0.005813756974759342
specified,0.005813756974759342
say,0.005813756974759342
view,0.005813756974759342
square,0.005813756974759342
src,0.005813756974759342
runs,0.005813756974759342
running,0.005813756974759342
run,0.005813756974759342
robustness,0.005813756974759342
stale,0.005813756974759342
standalone,0.005813756974759342
right,0.005813756974759342
rewrite,0.005813756974759342
revisited,0.005813756974759342
returns,0.005813756974759342
results,0.005813756974759342
scrollbars,0.005813756974759342
restrictions,0.005813756974759342
specifically,0.005813756974759342
searches,0.005813756974759342
shift,0.005813756974759342
signature,0.005813756974759342
several,0.005813756974759342
signed,0.005813756974759342
single,0.005813756974759342
via,0.005813756974759342
size,0.005813756974759342
serve,0.005813756974759342
sequence,0.005813756974759342
separate,0.005813756974759342
sends,0.005813756974759342
versions,0.005813756974759342
security,0.005813756974759342
sizes,0.005813756974759342
sections,0.005813756974759342
software,0.005813756974759342
something,0.005813756974759342
specific,0.005813756974759342
respond,0.005813756974759342
startingclassname,0.005813756974759342
virtually,0.005813756974759342
real,0.005813756974759342
quitting,0.005813756974759342
qualified,0.005813756974759342
put,0.005813756974759342
superclass,0.005813756974759342
purely,0.005813756974759342
surrounding,0.005813756974759342
publicly,0.005813756974759342
provided,0.005813756974759342
symbol,0.005813756974759342
proper,0.005813756974759342
prone,0.005813756974759342
vspace,0.005813756974759342
systems,0.005813756974759342
table,0.005813756974759342
takes,0.005813756974759342
tedious,0.005813756974759342
redrawn,0.005813756974759342
reduces,0.005813756974759342
structs,0.005813756974759342
visible,0.005813756974759342
reserve,0.005813756974759342
requires,0.005813756974759342
representation,0.005813756974759342
stats,0.005813756974759342
steal,0.005813756974759342
removes,0.005813756974759342
still,0.005813756974759342
stored,0.005813756974759342
tells,0.005813756974759342
storing,0.005813756974759342
removed,0.005813756974759342
remains,0.005813756974759342
relieving,0.005813756974759342
related,0.005813756974759342
referring,0.005813756974759342
referred,0.005813756974759342
stringbuffer,0.005813756974759342
struct,0.005813756974759342
viruses,0.005813756974759342
shallow,0.005813756974759342
leads,0.005813756974759342
often,0.005813756974759342
diagram,0.005813756974759342
details,0.005813756974759342
designed,0.005813756974759342
depot,0.005813756974759342
demand,0.005813756974759342
deiconify,0.005813756974759342
defense,0.005813756974759342
deep,0.005813756974759342
declaration,0.005813756974759342
deallocating,0.005813756974759342
deallocates,0.005813756974759342
deallocated,0.005813756974759342
current,0.005813756974759342
difference,0.005813756974759342
creation,0.005813756974759342
created,0.005813756974759342
crashes,0.005813756974759342
corrupt,0.005813756974759342
corner,0.005813756974759342
converted,0.005813756974759342
conversions,0.005813756974759342
convention,0.005813756974759342
context,0.005813756974759342
content,0.005813756974759342
contained,0.005813756974759342
considered,0.005813756974759342
consequence,0.005813756974759342
concatenated,0.005813756974759342
creating,0.005813756974759342
concatenate,0.005813756974759342
differences,0.005813756974759342
difficult,0.005813756974759342
figure,0.005813756974759342
extend,0.005813756974759342
execute,0.005813756974759342
exceptions,0.005813756974759342
errors,0.005813756974759342
error,0.005813756974759342
equality,0.005813756974759342
environments,0.005813756974759342
environment,0.005813756974759342
end,0.005813756974759342
effort,0.005813756974759342
efficient,0.005813756974759342
efficiency,0.005813756974759342
differently,0.005813756974759342
effects,0.005813756974759342
dynamic,0.005813756974759342
drawstring,0.005813756974759342
drawing,0.005813756974759342
draw,0.005813756974759342
dlls,0.005813756974759342
distributed,0.005813756974759342
displays,0.005813756974759342
display,0.005813756974759342
disks,0.005813756974759342
discussed,0.005813756974759342
directories,0.005813756974759342
directly,0.005813756974759342
dimensional,0.005813756974759342
edu,0.005813756974759342
files,0.005813756974759342
computer,0.005813756974759342
completely,0.005813756974759342
back,0.005813756974759342
avoid,0.005813756974759342
attempting,0.005813756974759342
assignments,0.005813756974759342
arrayindexoutofboundsexception,0.005813756974759342
argument,0.005813756974759342
area,0.005813756974759342
archives,0.005813756974759342
appropriate,0.005813756974759342
apply,0.005813756974759342
applies,0.005813756974759342
applettemplate,0.005813756974759342
aplications,0.005813756974759342
bar,0.005813756974759342
anything,0.005813756974759342
alt,0.005813756974759342
also,0.005813756974759342
already,0.005813756974759342
allowed,0.005813756974759342
allow,0.005813756974759342
allocation,0.005813756974759342
align,0.005813756974759342
ae,0.005813756974759342
advantage,0.005813756974759342
address,0.005813756974759342
across,0.005813756974759342
ack,0.005813756974759342
accompanying,0.005813756974759342
another,0.005813756974759342
complexity,0.005813756974759342
basic,0.005813756974759342
begin,0.005813756974759342
complete,0.005813756974759342
compile,0.005813756974759342
compatible,0.005813756974759342
compared,0.005813756974759342
common,0.005813756974759342
commenting,0.005813756974759342
commentary,0.005813756974759342
command,0.005813756974759342
come,0.005813756974759342
combination,0.005813756974759342
codebase,0.005813756974759342
closing,0.005813756974759342
cloneable,0.005813756974759342
becomes,0.005813756974759342
clean,0.005813756974759342
character,0.005813756974759342
cause,0.005813756974759342
calling,0.005813756974759342
burden,0.005813756974759342
broad,0.005813756974759342
bring,0.005813756974759342
brackets,0.005813756974759342
body,0.005813756974759342
block,0.005813756974759342
blank,0.005813756974759342
bitmaps,0.005813756974759342
bit,0.005813756974759342
bind,0.005813756974759342
classpath,0.005813756974759342
old,0.005813756974759342
fill,0.005813756974759342
five,0.005813756974759342
mandatory,0.005813756974759342
manager,0.005813756974759342
malloc,0.005813756974759342
making,0.005813756974759342
major,0.005813756974759342
machines,0.005813756974759342
mac,0.005813756974759342
lowest,0.005813756974759342
lowercase,0.005813756974759342
looks,0.005813756974759342
long,0.005813756974759342
local,0.005813756974759342
loader,0.005813756974759342
many,0.005813756974759342
loadable,0.005813756974759342
listed,0.005813756974759342
list,0.005813756974759342
linking,0.005813756974759342
linked,0.005813756974759342
link,0.005813756974759342
lines,0.005813756974759342
limited,0.005813756974759342
life,0.005813756974759342
libraries,0.005813756974759342
leaves,0.005813756974759342
leaks,0.005813756974759342
leaked,0.005813756974759342
leakage,0.005813756974759342
literals,0.005813756974759342
leading,0.005813756974759342
market,0.005813756974759342
means,0.005813756974759342
octal,0.005813756974759342
obtained,0.005813756974759342
observation,0.005813756974759342
number,0.005813756974759342
nullpointerexception,0.005813756974759342
npackage,0.005813756974759342
notices,0.005813756974759342
normal,0.005813756974759342
nonportable,0.005813756974759342
non,0.005813756974759342
next,0.005813756974759342
netscape,0.005813756974759342
nested,0.005813756974759342
max,0.005813756974759342
needs,0.005813756974759342
necessary,0.005813756974759342
navigator,0.005813756974759342
native,0.005813756974759342
named,0.005813756974759342
multiple,0.005813756974759342
multi,0.005813756974759342
much,0.005813756974759342
modules,0.005813756974759342
modified,0.005813756974759342
menus,0.005813756974759342
menu,0.005813756974759342
members,0.005813756974759342
member,0.005813756974759342
needed,0.005813756974759342
find,0.005813756974759342
latest,0.005813756974759342
label,0.005813756974759342
ill,0.005813756974759342
iii,0.005813756974759342
ii,0.005813756974759342
ignore,0.005813756974759342
iconify,0.005813756974759342
hspace,0.005813756974759342
highest,0.005813756974759342
hexadecimal,0.005813756974759342
harm,0.005813756974759342
hard,0.005813756974759342
happens,0.005813756974759342
handled,0.005813756974759342
handle,0.005813756974759342
illegal,0.005813756974759342
guaranteed,0.005813756974759342
giant,0.005813756974759342
generic,0.005813756974759342
generate,0.005813756974759342
general,0.005813756974759342
freeing,0.005813756974759342
free,0.005813756974759342
frame,0.005813756974759342
fragments,0.005813756974759342
forms,0.005813756974759342
formats,0.005813756974759342
forget,0.005813756974759342
follows,0.005813756974759342
flavors,0.005813756974759342
group,0.005813756974759342
lack,0.005813756974759342
img,0.005813756974759342
implementor,0.005813756974759342
know,0.005813756974759342
keywords,0.005813756974759342
keyword,0.005813756974759342
jumping,0.005813756974759342
jim,0.005813756974759342
javadoc,0.005813756974759342
iv,0.005813756974759342
issue,0.005813756974759342
invalid,0.005813756974759342
interpreter,0.005813756974759342
internet,0.005813756974759342
internally,0.005813756974759342
interfaces,0.005813756974759342
immediately,0.005813756974759342
interface,0.005813756974759342
intentionally,0.005813756974759342
integrate,0.005813756974759342
instantiate,0.005813756974759342
initializers,0.005813756974759342
initialize,0.005813756974759342
initial,0.005813756974759342
inflexible,0.005813756974759342
index,0.005813756974759342
incorrect,0.005813756974759342
including,0.005813756974759342
inaccessible,0.005813756974759342
implied,0.005813756974759342
implements,0.005813756974759342
interesting,0.005813756974759342
zero,0.005813756974759342
